François Baroin;Rassemblement-UMP / membre
Jacques Alain Bénisti;Rassemblement-UMP / membre
Bernard Brochand;Rassemblement-UMP / membre
Dominique Bussereau;Rassemblement-UMP / membre
Jérôme Chartier;Rassemblement-UMP / membre
Guillaume Chevrollier;Rassemblement-UMP / membre
Jean-Louis Christ;Rassemblement-UMP / membre
Dino Cinieri;Rassemblement-UMP / membre
Éric Ciotti;Rassemblement-UMP / membre
Jean-Michel Couve;Rassemblement-UMP / membre
Bernard Debré;Rassemblement-UMP / membre
Rémi Delatte;Rassemblement-UMP / membre
Dominique Dord;Rassemblement-UMP / membre
Marianne Dubois;Rassemblement-UMP / membre
Christian Estrosi;Rassemblement-UMP / membre
François Fillon;Rassemblement-UMP / président
Hervé Gaymard;Rassemblement-UMP / membre
Annie Genevard;Rassemblement-UMP / membre
Guy Geoffroy;Rassemblement-UMP / membre
Georges Ginesta;Rassemblement-UMP / membre
Charles-Ange Ginesy;Rassemblement-UMP / membre
Jean-Pierre Giran;Rassemblement-UMP / membre
Philippe Goujon;Rassemblement-UMP / membre
Claude Greff;Rassemblement-UMP / membre
Anne Grommerch;Rassemblement-UMP / membre
Arlette Grosskost;Rassemblement-UMP / membre
Serge Grouard;Rassemblement-UMP / membre
Françoise Guégot;Rassemblement-UMP / membre
Jean-Claude Guibal;Rassemblement-UMP / membre
Jean-Jacques Guillet;Rassemblement-UMP / membre
Michel Heinrich;Rassemblement-UMP / membre
Patrick Hetzel;Rassemblement-UMP / membre
Philippe Houillon;Rassemblement-UMP / membre
Charles de La Verpillière;Rassemblement-UMP / membre
Jean-François Lamour;Rassemblement-UMP / membre
Thierry Lazaro;Rassemblement-UMP / membre
Isabelle Le Callennec;Rassemblement-UMP / membre
Dominique Le Mèner;Rassemblement-UMP / membre
Alain Leboeuf;Rassemblement-UMP / membre
Pierre Lellouche;Rassemblement-UMP / membre
Jean Leonetti;Rassemblement-UMP / membre
Céleste Lett;Rassemblement-UMP / membre
Geneviève Levy;Rassemblement-UMP / membre
Véronique Louwagie;Rassemblement-UMP / membre
Gilles Lurton;Rassemblement-UMP / membre
Alain Marc;Rassemblement-UMP / membre
Alain Marleix;Rassemblement-UMP / membre
Philippe Armand Martin;Rassemblement-UMP / membre
Jean-Claude Mathis;Rassemblement-UMP / membre
Jean-Claude Mignon;Rassemblement-UMP / membre
Patrick Ollier;Rassemblement-UMP / membre
Valérie Pecresse;Rassemblement-UMP / membre
Michel Piron;Rassemblement-UMP / membre
Bérengère Poletti;Rassemblement-UMP / membre
Christophe Priou;Rassemblement-UMP / membre
Frédéric Reiss;Rassemblement-UMP / membre
Arnaud Robinet;Rassemblement-UMP / membre
Camille de Rocca Serra;Rassemblement-UMP / membre
Sophie Rohfritsch;Rassemblement-UMP / membre
Paul Salen;Rassemblement-UMP / membre
Michel Sordi;Rassemblement-UMP / membre
Lionel Tardy;Rassemblement-UMP / membre
François Vannson;Rassemblement-UMP / membre
Jean-Sébastien Vialatte;Rassemblement-UMP / membre
Jean-Pierre Vigier;Rassemblement-UMP / membre
Laurent Wauquiez;Rassemblement-UMP / membre
Éric Woerth;Rassemblement-UMP / membre
Claude Sturni;Rassemblement-UMP / apparenté
